{
  "tool": "benchmark-scalability-sweep.py",
  "timestamp": "2026-06-14T20:49:28.205046+00:00",
  "host": "runnervm1li68",
  "architecture": "synthetic flat: 1 runtime + 1 stream + N worker fibers + 2 aggregators",
  "sizes": [
    100,
    300,
    1000,
    3000,
    10000,
    30000
  ],
  "iters": 3,
  "summaries": [
    {
      "n": 100,
      "iters": 3,
      "ok_iters": 3,
      "fibers": 102,
      "parse_ms": {
        "min": 78.75292699999648,
        "median": 79.70587700000209,
        "mean": 137.87648466666505,
        "max": 255.1706499999966
      },
      "check_ms": {
        "min": 88.52343299999887,
        "median": 89.66003799999811,
        "mean": 89.28243600000012,
        "max": 89.66383700000335
      },
      "lower_ms": {
        "min": 120.88573400000513,
        "median": 123.10324700000308,
        "mean": 134.58839466666936,
        "max": 159.77620299999984
      },
      "total_ms": {
        "min": 289.1150440000061,
        "median": 328.19296699999967,
        "mean": 361.7473153333345,
        "max": 467.9339349999978
      }
    },
    {
      "n": 300,
      "iters": 3,
      "ok_iters": 3,
      "fibers": 302,
      "parse_ms": {
        "min": 113.607487000003,
        "median": 115.84324700000082,
        "mean": 116.63488533333559,
        "max": 120.45392200000293
      },
      "check_ms": {
        "min": 122.80908600000373,
        "median": 123.10810799999672,
        "mean": 123.1297556666675,
        "max": 123.47207300000207
      },
      "lower_ms": {
        "min": 205.05457400000182,
        "median": 213.4705709999949,
        "mean": 210.82378133333418,
        "max": 213.94619900000578
      },
      "total_ms": {
        "min": 448.9805690000068,
        "median": 449.8871440000016,
        "mean": 450.5884223333373,
        "max": 452.8975540000033
      }
    },
    {
      "n": 1000,
      "iters": 3,
      "ok_iters": 3,
      "fibers": 1002,
      "parse_ms": {
        "min": 246.14625000000245,
        "median": 246.54754800000234,
        "mean": 249.107497333334,
        "max": 254.62869399999732
      },
      "check_ms": {
        "min": 245.10594899999916,
        "median": 249.784463999994,
        "mean": 248.3936889999967,
        "max": 250.29065399999695
      },
      "lower_ms": {
        "min": 564.9484239999936,
        "median": 653.1272430000001,
        "mean": 627.8618269999992,
        "max": 665.5098140000035
      },
      "total_ms": {
        "min": 1069.8677719999878,
        "median": 1149.0579569999966,
        "mean": 1125.3630133333297,
        "max": 1157.163311000005
      }
    },
    {
      "n": 3000,
      "iters": 3,
      "ok_iters": 3,
      "fibers": 3002,
      "parse_ms": {
        "min": 632.6795490000023,
        "median": 635.1054359999964,
        "mean": 660.8755639999989,
        "max": 714.841706999998
      },
      "check_ms": {
        "min": 619.2127320000011,
        "median": 621.5844589999974,
        "mean": 620.9324070000004,
        "max": 622.0000300000024
      },
      "lower_ms": {
        "min": 1972.403282000002,
        "median": 2242.9404870000058,
        "mean": 2415.433244333336,
        "max": 3030.955964
      },
      "total_ms": {
        "min": 3308.8294479999977,
        "median": 3494.8327680000093,
        "mean": 3697.2412153333353,
        "max": 4288.061429999999
      }
    },
    {
      "n": 10000,
      "iters": 3,
      "ok_iters": 3,
      "fibers": 10002,
      "parse_ms": {
        "min": 2124.2894319999978,
        "median": 2145.872040999997,
        "mean": 2147.248721999998,
        "max": 2171.584693
      },
      "check_ms": {
        "min": 2015.0121110000043,
        "median": 2041.4445059999907,
        "mean": 2039.044272333328,
        "max": 2060.676199999989
      },
      "lower_ms": {
        "min": 12314.512002999998,
        "median": 13536.958423000002,
        "mean": 13323.187516000004,
        "max": 14118.092122000007
      },
      "total_ms": {
        "min": 16475.396155,
        "median": 17702.69236099999,
        "mean": 17509.48051033333,
        "max": 18350.353014999997
      }
    },
    {
      "n": 30000,
      "iters": 3,
      "ok_iters": 3,
      "fibers": 30002,
      "parse_ms": {
        "min": 6733.66030999999,
        "median": 6774.530307000021,
        "mean": 6788.373164000001,
        "max": 6856.928874999994
      },
      "check_ms": {
        "min": 6413.386978000006,
        "median": 6545.214708999993,
        "mean": 6549.075655000005,
        "max": 6688.625278000018
      },
      "lower_ms": {
        "min": 84226.83545099999,
        "median": 89984.99314000004,
        "mean": 88071.160636,
        "max": 90001.653317
      },
      "total_ms": {
        "min": 97373.882739,
        "median": 103403.796901,
        "mean": 101408.60945500003,
        "max": 103448.14872500008
      }
    }
  ],
  "iterations": [
    {
      "n": 100,
      "iter": 1,
      "parse_ms": 255.1706499999966,
      "check_ms": 89.66003799999811,
      "lower_ms": 123.10324700000308,
      "total_ms": 467.9339349999978,
      "parse_rc": 0,
      "check_rc": 0,
      "lower_rc": 0,
      "ok": true
    },
    {
      "n": 100,
      "iter": 2,
      "parse_ms": 78.75292699999648,
      "check_ms": 89.66383700000335,
      "lower_ms": 159.77620299999984,
      "total_ms": 328.19296699999967,
      "parse_rc": 0,
      "check_rc": 0,
      "lower_rc": 0,
      "ok": true
    },
    {
      "n": 100,
      "iter": 3,
      "parse_ms": 79.70587700000209,
      "check_ms": 88.52343299999887,
      "lower_ms": 120.88573400000513,
      "total_ms": 289.1150440000061,
      "parse_rc": 0,
      "check_rc": 0,
      "lower_rc": 0,
      "ok": true
    },
    {
      "n": 300,
      "iter": 1,
      "parse_ms": 120.45392200000293,
      "check_ms": 123.47207300000207,
      "lower_ms": 205.05457400000182,
      "total_ms": 448.9805690000068,
      "parse_rc": 0,
      "check_rc": 0,
      "lower_rc": 0,
      "ok": true
    },
    {
      "n": 300,
      "iter": 2,
      "parse_ms": 113.607487000003,
      "check_ms": 122.80908600000373,
      "lower_ms": 213.4705709999949,
      "total_ms": 449.8871440000016,
      "parse_rc": 0,
      "check_rc": 0,
      "lower_rc": 0,
      "ok": true
    },
    {
      "n": 300,
      "iter": 3,
      "parse_ms": 115.84324700000082,
      "check_ms": 123.10810799999672,
      "lower_ms": 213.94619900000578,
      "total_ms": 452.8975540000033,
      "parse_rc": 0,
      "check_rc": 0,
      "lower_rc": 0,
      "ok": true
    },
    {
      "n": 1000,
      "iter": 1,
      "parse_ms": 254.62869399999732,
      "check_ms": 250.29065399999695,
      "lower_ms": 564.9484239999936,
      "total_ms": 1069.8677719999878,
      "parse_rc": 0,
      "check_rc": 0,
      "lower_rc": 0,
      "ok": true
    },
    {
      "n": 1000,
      "iter": 2,
      "parse_ms": 246.14625000000245,
      "check_ms": 249.784463999994,
      "lower_ms": 653.1272430000001,
      "total_ms": 1149.0579569999966,
      "parse_rc": 0,
      "check_rc": 0,
      "lower_rc": 0,
      "ok": true
    },
    {
      "n": 1000,
      "iter": 3,
      "parse_ms": 246.54754800000234,
      "check_ms": 245.10594899999916,
      "lower_ms": 665.5098140000035,
      "total_ms": 1157.163311000005,
      "parse_rc": 0,
      "check_rc": 0,
      "lower_rc": 0,
      "ok": true
    },
    {
      "n": 3000,
      "iter": 1,
      "parse_ms": 714.841706999998,
      "check_ms": 621.5844589999974,
      "lower_ms": 1972.403282000002,
      "total_ms": 3308.8294479999977,
      "parse_rc": 0,
      "check_rc": 0,
      "lower_rc": 0,
      "ok": true
    },
    {
      "n": 3000,
      "iter": 2,
      "parse_ms": 635.1054359999964,
      "check_ms": 622.0000300000024,
      "lower_ms": 3030.955964,
      "total_ms": 4288.061429999999,
      "parse_rc": 0,
      "check_rc": 0,
      "lower_rc": 0,
      "ok": true
    },
    {
      "n": 3000,
      "iter": 3,