{
  "tool": "benchmark-scalability-sweep.py",
  "timestamp": "2026-06-14T21:04:38.471151+00:00",
  "host": "runnervm1li68",
  "architecture": "synthetic flat: 1 runtime + 1 stream + N worker fibers + 2 aggregators",
  "sizes": [
    100,
    1000,
    10000,
    30000,
    100000
  ],
  "iters": 3,
  "summaries": [
    {
      "n": 100,
      "iters": 3,
      "ok_iters": 3,
      "fibers": 102,
      "parse_ms": {
        "min": 87.54731599999843,
        "median": 110.09272600000486,
        "mean": 128.20636799999838,
        "max": 186.9790619999918
      },
      "check_ms": {
        "min": 94.8221249999932,
        "median": 98.16271799999754,
        "mean": 102.34071433333251,
        "max": 114.03730000000678
      },
      "lower_ms": {
        "min": 131.55866799999671,
        "median": 220.35175900001036,
        "mean": 194.15251000000447,
        "max": 230.54710300000636
      },
      "total_ms": {
        "min": 336.4735189999948,
        "median": 416.25713700000233,
        "mean": 424.6995923333354,
        "max": 521.368121000009
      }
    },
    {
      "n": 1000,
      "iters": 3,
      "ok_iters": 3,
      "fibers": 1002,
      "parse_ms": {
        "min": 260.7590490000007,
        "median": 262.84913100001006,
        "mean": 262.7338126666719,
        "max": 264.593258000005
      },
      "check_ms": {
        "min": 259.68932800000744,
        "median": 260.814754000009,
        "mean": 261.70384566666866,
        "max": 264.6074549999895
      },
      "lower_ms": {
        "min": 579.6491149999952,
        "median": 651.3380869999992,
        "mean": 634.8794556666633,
        "max": 673.6511649999954
      },
      "total_ms": {
        "min": 1108.8498279999897,
        "median": 1175.0019720000182,
        "mean": 1159.3171140000038,
        "max": 1194.0995420000036
      }
    },
    {
      "n": 10000,
      "iters": 3,
      "ok_iters": 3,
      "fibers": 10002,
      "parse_ms": {
        "min": 2284.206611000002,
        "median": 2307.903422999999,
        "mean": 2302.2262859999973,
        "max": 2314.5688239999913
      },
      "check_ms": {
        "min": 2183.8762129999905,
        "median": 2193.5824759999887,
        "mean": 2197.461031666667,
        "max": 2214.924406000023
      },
      "lower_ms": {
        "min": 5907.356464000003,
        "median": 6961.011748000004,
        "mean": 6610.156833333339,
        "max": 6962.102288000011
      },
      "total_ms": {
        "min": 10408.84236299999,
        "median": 11429.094571999996,
        "mean": 11109.844151000005,
        "max": 11491.595518000026
      }
    },
    {
      "n": 30000,
      "iters": 3,
      "ok_iters": 3,
      "fibers": 30002,
      "parse_ms": {
        "min": 7383.906542000005,
        "median": 7408.280531000002,
        "mean": 7401.270053,
        "max": 7411.623085999991
      },
      "check_ms": {
        "min": 6800.354380000016,
        "median": 6842.293879999999,
        "mean": 6847.83014266667,
        "max": 6900.842167999997
      },
      "lower_ms": {
        "min": 18747.606698,
        "median": 20599.59624999999,
        "mean": 20463.992129333332,
        "max": 22044.77344
      },
      "total_ms": {
        "min": 32998.181109,
        "median": 34811.573716,
        "mean": 34713.092325,
        "max": 36329.522150000004
      }
    },
    {
      "n": 100000,
      "iters": 3,
      "ok_iters": 3,
      "fibers": 100002,
      "parse_ms": {
        "min": 24803.47476200001,
        "median": 24972.639055999993,
        "mean": 25090.058301,
        "max": 25494.061084999998
      },
      "check_ms": {
        "min": 23481.44289999999,
        "median": 23615.63117600002,
        "mean": 23590.915689666665,
        "max": 23675.67299299998
      },
      "lower_ms": {
        "min": 64978.38744799998,
        "median": 70294.725912,
        "mean": 69143.83458333332,
        "max": 72158.39038999997
      },
      "total_ms": {
        "min": 113263.30510999999,
        "median": 118882.996144,
        "mean": 117824.80857399998,
        "max": 121328.12446799995
      }
    }
  ],
  "iterations": [
    {
      "n": 100,
      "iter": 1,
      "parse_ms": 186.9790619999918,
      "check_ms": 114.03730000000678,
      "lower_ms": 220.35175900001036,
      "total_ms": 521.368121000009,
      "parse_rc": 0,
      "check_rc": 0,
      "lower_rc": 0,
      "ok": true
    },
    {
      "n": 100,
      "iter": 2,
      "parse_ms": 87.54731599999843,
      "check_ms": 98.16271799999754,
      "lower_ms": 230.54710300000636,
      "total_ms": 416.25713700000233,
      "parse_rc": 0,
      "check_rc": 0,
      "lower_rc": 0,
      "ok": true
    },
    {
      "n": 100,
      "iter": 3,
      "parse_ms": 110.09272600000486,
      "check_ms": 94.8221249999932,
      "lower_ms": 131.55866799999671,
      "total_ms": 336.4735189999948,
      "parse_rc": 0,
      "check_rc": 0,
      "lower_rc": 0,
      "ok": true
    },
    {
      "n": 1000,
      "iter": 1,
      "parse_ms": 264.593258000005,
      "check_ms": 264.6074549999895,
      "lower_ms": 579.6491149999952,
      "total_ms": 1108.8498279999897,
      "parse_rc": 0,
      "check_rc": 0,
      "lower_rc": 0,
      "ok": true
    },
    {
      "n": 1000,
      "iter": 2,
      "parse_ms": 262.84913100001006,
      "check_ms": 260.814754000009,
      "lower_ms": 651.3380869999992,
      "total_ms": 1175.0019720000182,
      "parse_rc": 0,
      "check_rc": 0,
      "lower_rc": 0,
      "ok": true
    },
    {
      "n": 1000,
      "iter": 3,
      "parse_ms": 260.7590490000007,
      "check_ms": 259.68932800000744,
      "lower_ms": 673.6511649999954,
      "total_ms": 1194.0995420000036,
      "parse_rc": 0,
      "check_rc": 0,
      "lower_rc": 0,
      "ok": true
    },
    {
      "n": 10000,
      "iter": 1,
      "parse_ms": 2307.903422999999,
      "check_ms": 2193.5824759999887,
      "lower_ms": 5907.356464000003,
      "total_ms": 10408.84236299999,
      "parse_rc": 0,
      "check_rc": 0,
      "lower_rc": 0,
      "ok": true
    },
    {
      "n": 10000,
      "iter": 2,
      "parse_ms": 2284.206611000002,
      "check_ms": 2183.8762129999905,
      "lower_ms": 6961.011748000004,
      "total_ms": 11429.094571999996,
      "parse_rc": 0,
      "check_rc": 0,
      "lower_rc": 0,
      "ok": true
    },
    {
      "n": 10000,
      "iter": 3,
      "parse_ms": 2314.5688239999913,
      "check_ms": 2214.924406000023,
      "lower_ms": 6962.102288000011,
      "total_ms": 11491.595518000026,
      "parse_rc": 0,
      "check_rc": 0,
      "lower_rc": 0,
      "ok": true
    },
    {
      "n": 30000,
      "iter": 1,
      "parse_ms": 7408.280531000002,
      "check_ms": 6842.293879999999,
      "lower_ms": 18747.606698,
      "total_ms": 32998.181109,
      "parse_rc": 0,
      "check_rc": 0,
      "lower_rc": 0,
      "ok": true
    },
    {
      "n": 30000,
      "iter": 2,
      "parse_ms": 7383.906542000005,
      "check_ms": 6900.842167999997,
      "lower_ms": 22044.77344,
      "total_ms": 36329.522150000004,
      "parse_rc": 0,
      "check_rc": 0,
      "lower_rc": 0,
      "ok": true
    },
    {
      "n": 30000,
      "iter": 3,
      "parse_ms": 7411.623085999991,
      "check_ms": 6800.354380000016,
      "lower_ms": 20599.59624999999,
      "total_ms": 34811.573716,
      "parse_rc": 0,
      "check_rc": 0,
      "lower_rc": 0,
      "ok": true
    },
    {
      "n": 100000,
      "iter": 1,
      "parse_ms": 24803.47476200001,
      "check_ms": 23481.44289999999,
      "lower_ms": 64978.38744799998,
      "total_ms": 113263.30510999999,
      "parse_rc": 0,
      "check_rc": 0,
      "lower_rc": 0,
      "ok": true
    },
    {
      "n": 100000,
      "iter": 2,
      "parse_ms": 25494.061084999998,
      "check_ms": 23675.67299299998,
      "lower_ms": 72158.39038999997,
      "total_ms": 121328.12446799995,
      "parse_rc": 0,
      "check_rc": 0,
      "lower_rc": 0,